PrecursorCharge	ModifiedPeptide	FragmentLossType	FragmentNumber	FragmentType	FragmentCharge	RelativeIntensity
3	_DTLRT(UniMod:21)PPRER_	noloss	1	y	1	0.0486061770511334
3	_DTLRT(UniMod:21)PPRER_	noloss	4	y	1	0.0693385407749367
3	_DTLRT(UniMod:21)PPRER_	noloss	5	y	1	1
3	_DTLRT(UniMod:21)PPRER_	noloss	7	y	1	0.0026176946783528
3	_DTLRT(UniMod:21)PPRER_	noloss	8	y	1	0.0107296379662448
3	_DTLRT(UniMod:21)PPRER_	noloss	9	y	1	0.277725541960693
3	_DTLRT(UniMod:21)PPRER_	1(+H2+O)	5	y	1	0.00253629268324088
3	_DTLRT(UniMod:21)PPRER_	1(+H2+O)	9	y	1	0.0632149851387424
3	_DTLRT(UniMod:21)PPRER_	1(+H3+N)	1	y	1	0.00138320372988506
3	_DTLRT(UniMod:21)PPRER_	1(+H3+N)	4	y	1	0.082281452320371
3	_DTLRT(UniMod:21)PPRER_	1(+H3+N)	5	y	1	0.0691285408867239
3	_DTLRT(UniMod:21)PPRER_	1(+H3+N)	7	y	1	0.0089256339521011
3	_DTLRT(UniMod:21)PPRER_	1(+H3+N)	8	y	1	0.0210724603282937
3	_DTLRT(UniMod:21)PPRER_	H3PO4	6	y	1	0.0595896725155951
3	_DTLRT(UniMod:21)PPRER_	H3PO4	7	y	1	0.0216727560427001
3	_DTLRT(UniMod:21)PPRER_	H3PO4	8	y	1	0.0545775964575178
3	_DTLRT(UniMod:21)PPRER_	H3PO4	9	y	1	0.339944740773961
3	_DTLRT(UniMod:21)PPRER_	1(+H3+N)	6	y	1	0.00161943302369255
3	_DTLRT(UniMod:21)PPRER_	1(+H3+N)	7	y	1	0.0663213529463506
3	_DTLRT(UniMod:21)PPRER_	1(+H3+N)	8	y	1	0.147265588157035
3	_DTLRT(UniMod:21)PPRER_	1(+H3+N)	9	y	1	0.0708870919525578
3	_DTLRT(UniMod:21)PPRER_	noloss	2	b	1	0.02588528941898
3	_DTLRT(UniMod:21)PPRER_	noloss	5	b	1	0.0853847884174624
3	_DTLRT(UniMod:21)PPRER_	1(+H2+O)	2	b	1	0.00548706674848349
3	_DTLRT(UniMod:21)PPRER_	1(+H2+O)	5	b	1	0.00999579370036557
3	_DTLRT(UniMod:21)PPRER_	H3PO4	5	b	1	0.415069704162792
3	_DTLRT(UniMod:21)PPRER_	H3PO4	6	b	1	0.000863935304796395
3	_DTLRT(UniMod:21)PPRER_	H3PO4	8	b	1	0.0128695941117006
3	_DTLRT(UniMod:21)PPRER_	H3PO4	9	b	1	0.0318951559107946
3	_DTLRT(UniMod:21)PPRER_	1(+H2+O)	5	b	1	0.0191544492375813
3	_DTLRT(UniMod:21)PPRER_	1(+H3+N)	5	b	1	0.0162599207829939
3	_DTLRT(UniMod:21)PPRER_	noloss	9	b	(2+)	0.0049427441314274
