PrecursorCharge	ModifiedPeptide	FragmentLossType	FragmentNumber	FragmentType	FragmentCharge	RelativeIntensity
3	_DTLRT(UniMod:21)PPRER_	noloss	1	y	1	0.0555555555555556
3	_DTLRT(UniMod:21)PPRER_	noloss	2	y	1	0.00777777777777778
3	_DTLRT(UniMod:21)PPRER_	noloss	3	y	1	0.00555555555555556
3	_DTLRT(UniMod:21)PPRER_	noloss	4	y	1	0.0555555555555556
3	_DTLRT(UniMod:21)PPRER_	noloss	5	y	1	1
3	_DTLRT(UniMod:21)PPRER_	noloss	7	y	1	0.00666666666666667
3	_DTLRT(UniMod:21)PPRER_	noloss	8	y	1	0.00666666666666667
3	_DTLRT(UniMod:21)PPRER_	noloss	9	y	1	0.222222222222222
3	_DTLRT(UniMod:21)PPRER_	1(+H2+O)	2	y	1	0.00333333333333333
3	_DTLRT(UniMod:21)PPRER_	1(+H2+O)	5	y	1	0.00222222222222222
3	_DTLRT(UniMod:21)PPRER_	1(+H3+N)	1	y	1	0.00222222222222222
3	_DTLRT(UniMod:21)PPRER_	1(+H3+N)	3	y	1	0.00444444444444444
3	_DTLRT(UniMod:21)PPRER_	1(+H3+N)	4	y	1	0.0555555555555556
3	_DTLRT(UniMod:21)PPRER_	1(+H3+N)	5	y	1	0.0555555555555556
3	_DTLRT(UniMod:21)PPRER_	1(+H3+N)	7	y	1	0.01
3	_DTLRT(UniMod:21)PPRER_	1(+H3+N)	8	y	1	0.0222222222222222
3	_DTLRT(UniMod:21)PPRER_	H3PO4	6	y	1	0.0444444444444444
3	_DTLRT(UniMod:21)PPRER_	H3PO4	7	y	1	0.0111111111111111
3	_DTLRT(UniMod:21)PPRER_	H3PO4	8	y	1	0.0444444444444444
3	_DTLRT(UniMod:21)PPRER_	H3PO4	9	y	1	0.333333333333333
3	_DTLRT(UniMod:21)PPRER_	1(+H3+N)	6	y	1	0.00222222222222222
3	_DTLRT(UniMod:21)PPRER_	1(+H3+N)	7	y	1	0.0555555555555556
3	_DTLRT(UniMod:21)PPRER_	1(+H3+N)	8	y	1	0.111111111111111
3	_DTLRT(UniMod:21)PPRER_	1(+H3+N)	9	y	1	0.0444444444444444
3	_DTLRT(UniMod:21)PPRER_	noloss	2	b	1	0.0222222222222222
3	_DTLRT(UniMod:21)PPRER_	noloss	4	b	1	0.0222222222222222
3	_DTLRT(UniMod:21)PPRER_	noloss	5	b	1	0.0777777777777778
3	_DTLRT(UniMod:21)PPRER_	noloss	8	b	1	0.00222222222222222
3	_DTLRT(UniMod:21)PPRER_	1(+H2+O)	2	b	1	0.00444444444444444
3	_DTLRT(UniMod:21)PPRER_	1(+H2+O)	5	b	1	0.00555555555555556
3	_DTLRT(UniMod:21)PPRER_	1(+H3+N)	5	b	1	0.00222222222222222
3	_DTLRT(UniMod:21)PPRER_	H3PO4	5	b	1	0.333333333333333
3	_DTLRT(UniMod:21)PPRER_	H3PO4	6	b	1	0.00666666666666667
3	_DTLRT(UniMod:21)PPRER_	H3PO4	9	b	1	0.0222222222222222
3	_DTLRT(UniMod:21)PPRER_	1(+H2+O)	5	b	1	0.0111111111111111
3	_DTLRT(UniMod:21)PPRER_	1(+H2+O)	6	b	1	0.00222222222222222
3	_DTLRT(UniMod:21)PPRER_	1(+H3+N)	5	b	1	0.00444444444444444
3	_DTLRT(UniMod:21)PPRER_	noloss	9	b	(2+)	0.00666666666666667
