PrecursorCharge	ModifiedPeptide	FragmentLossType	FragmentNumber	FragmentType	FragmentCharge	RelativeIntensity
1	_EVELVS(UniMod:21)E_	noloss	2	y	1	0.0848478063347223
1	_EVELVS(UniMod:21)E_	noloss	3	y	1	0.36236383112737
1	_EVELVS(UniMod:21)E_	noloss	4	y	1	0.275528523752778
1	_EVELVS(UniMod:21)E_	noloss	5	y	1	0.171364805633553
1	_EVELVS(UniMod:21)E_	1(+H2+O)	5	y	1	0.0133415244431432
1	_EVELVS(UniMod:21)E_	H3PO4	2	y	1	0.131480817245518
1	_EVELVS(UniMod:21)E_	1(+H2+O)	2	y	1	0.0168217107445249
1	_EVELVS(UniMod:21)E_	H3PO4	3	y	1	0.885129948562928
1	_EVELVS(UniMod:21)E_	1(+H2+O)	3	y	1	0.0261447476601588
1	_EVELVS(UniMod:21)E_	H3PO4	4	y	1	0.682104360753114
1	_EVELVS(UniMod:21)E_	1(+H2+O)	4	y	1	0.062263733568713
1	_EVELVS(UniMod:21)E_	H3PO4	5	y	1	0.290108708217507
1	_EVELVS(UniMod:21)E_	1(+H2+O)	5	y	1	0.372130770734996
1	_EVELVS(UniMod:21)E_	H3PO4	6	y	1	0.0200798781759232
1	_EVELVS(UniMod:21)E_	1(+H2+O)	6	y	1	0.103563835016751
1	_EVELVS(UniMod:21)E_	noloss	2	b	1	0.152687130576266
1	_EVELVS(UniMod:21)E_	1(+H2+O)	2	b	1	0.0945215628399833
1	_EVELVS(UniMod:21)E_	noloss	3	b	1	0.740010906474416
1	_EVELVS(UniMod:21)E_	1(+H2+O)	3	b	1	0.296214902381922
1	_EVELVS(UniMod:21)E_	noloss	4	b	1	1
1	_EVELVS(UniMod:21)E_	1(+H2+O)	4	b	1	0.411948045423656
1	_EVELVS(UniMod:21)E_	noloss	5	b	1	0.387378902481318
1	_EVELVS(UniMod:21)E_	1(+H2+O)	5	b	1	0.0930553469814617
1	_EVELVS(UniMod:21)E_	H3PO4	6	b	1	0.103563835016751
1	_EVELVS(UniMod:21)E_	1(+H2+O)	6	b	1	0.0238278646106243
