PrecursorCharge	ModifiedPeptide	FragmentLossType	FragmentNumber	FragmentType	FragmentCharge	RelativeIntensity
1	_EVELVS(UniMod:21)E_	noloss	2	y	1	0.109394276269209
1	_EVELVS(UniMod:21)E_	noloss	3	y	1	0.318341648711562
1	_EVELVS(UniMod:21)E_	noloss	4	y	1	0.309751977608329
1	_EVELVS(UniMod:21)E_	noloss	5	y	1	0.166764146330282
1	_EVELVS(UniMod:21)E_	noloss	6	y	1	0.00993528521874666
1	_EVELVS(UniMod:21)E_	1(+H2+O)	5	y	1	0.00625467978790055
1	_EVELVS(UniMod:21)E_	1(+H2+O)	6	y	1	0.00953893583533259
1	_EVELVS(UniMod:21)E_	H3PO4	2	y	1	0.0983994488674277
1	_EVELVS(UniMod:21)E_	1(+H2+O)	2	y	1	0.00749829362835735
1	_EVELVS(UniMod:21)E_	H3PO4	3	y	1	0.874793707308874
1	_EVELVS(UniMod:21)E_	1(+H2+O)	3	y	1	0.0396414327409422
1	_EVELVS(UniMod:21)E_	H3PO4	4	y	1	0.613397691559318
1	_EVELVS(UniMod:21)E_	1(+H2+O)	4	y	1	0.0686241550913546
1	_EVELVS(UniMod:21)E_	H3PO4	5	y	1	0.348516602741401
1	_EVELVS(UniMod:21)E_	1(+H2+O)	5	y	1	0.385185765294948
1	_EVELVS(UniMod:21)E_	H3PO4	6	y	1	0.0282205854637511
1	_EVELVS(UniMod:21)E_	1(+H2+O)	6	y	1	0.0948928551417817
1	_EVELVS(UniMod:21)E_	noloss	2	b	1	0.135963501474611
1	_EVELVS(UniMod:21)E_	1(+H2+O)	2	b	1	0.111798286497252
1	_EVELVS(UniMod:21)E_	noloss	3	b	1	0.781998925240547
1	_EVELVS(UniMod:21)E_	1(+H2+O)	3	b	1	0.294058133789724
1	_EVELVS(UniMod:21)E_	noloss	4	b	1	1
1	_EVELVS(UniMod:21)E_	1(+H2+O)	4	b	1	0.466529711241169
1	_EVELVS(UniMod:21)E_	noloss	5	b	1	0.380968862537757
1	_EVELVS(UniMod:21)E_	1(+H2+O)	5	b	1	0.101174849610081
1	_EVELVS(UniMod:21)E_	noloss	6	b	1	0.00953893583533259
1	_EVELVS(UniMod:21)E_	H3PO4	6	b	1	0.0948928551417817
1	_EVELVS(UniMod:21)E_	1(+H2+O)	6	b	1	0.0424331331530182
