PrecursorCharge	ModifiedPeptide	FragmentLossType	FragmentNumber	FragmentType	FragmentCharge	RelativeIntensity
1	_EVELVS(UniMod:21)E_	noloss	1	y	1	0.0147352142753809
1	_EVELVS(UniMod:21)E_	noloss	2	y	1	0.10935505087761
1	_EVELVS(UniMod:21)E_	noloss	3	y	1	0.423304785079663
1	_EVELVS(UniMod:21)E_	noloss	4	y	1	0.358438799289295
1	_EVELVS(UniMod:21)E_	noloss	5	y	1	0.219875187608248
1	_EVELVS(UniMod:21)E_	noloss	6	y	1	0.00742991367893113
1	_EVELVS(UniMod:21)E_	1(+H2+O)	1	y	1	0.0108218663320062
1	_EVELVS(UniMod:21)E_	1(+H2+O)	4	y	1	0.00947297926153452
1	_EVELVS(UniMod:21)E_	1(+H2+O)	5	y	1	0.0137063641465465
1	_EVELVS(UniMod:21)E_	1(+H2+O)	6	y	1	0.00309438839151149
1	_EVELVS(UniMod:21)E_	H3PO4	2	y	1	0.102389942092819
1	_EVELVS(UniMod:21)E_	1(+H2+O)	2	y	1	0.0107302960392097
1	_EVELVS(UniMod:21)E_	H3PO4	3	y	1	0.76502814291684
1	_EVELVS(UniMod:21)E_	1(+H2+O)	3	y	1	0.023839628147127
1	_EVELVS(UniMod:21)E_	H3PO4	4	y	1	0.479698223370602
1	_EVELVS(UniMod:21)E_	1(+H2+O)	4	y	1	0.0519240174836779
1	_EVELVS(UniMod:21)E_	H3PO4	5	y	1	0.25026537245528
1	_EVELVS(UniMod:21)E_	1(+H2+O)	5	y	1	0.247208998388058
1	_EVELVS(UniMod:21)E_	H3PO4	6	y	1	0.0191873802744735
1	_EVELVS(UniMod:21)E_	1(+H2+O)	6	y	1	0.117176047415004
1	_EVELVS(UniMod:21)E_	noloss	2	b	1	0.129953227264971
1	_EVELVS(UniMod:21)E_	1(+H2+O)	2	b	1	0.0945165093019204
1	_EVELVS(UniMod:21)E_	noloss	3	b	1	0.652394891233124
1	_EVELVS(UniMod:21)E_	1(+H2+O)	3	b	1	0.246265414556564
1	_EVELVS(UniMod:21)E_	noloss	4	b	1	1
1	_EVELVS(UniMod:21)E_	1(+H2+O)	4	b	1	0.483205954554799
1	_EVELVS(UniMod:21)E_	noloss	5	b	1	0.591488665572929
1	_EVELVS(UniMod:21)E_	1(+H2+O)	5	b	1	0.138350305973321
1	_EVELVS(UniMod:21)E_	noloss	6	b	1	0.00309438839151149
1	_EVELVS(UniMod:21)E_	H3PO4	6	b	1	0.117176047415004
1	_EVELVS(UniMod:21)E_	1(+H2+O)	6	b	1	0.0460516833571385
