PrecursorCharge	ModifiedPeptide	FragmentLossType	FragmentNumber	FragmentType	FragmentCharge	RelativeIntensity
1	_EVELVS(UniMod:21)E_	noloss	1	y	1	0.00961778098540435
1	_EVELVS(UniMod:21)E_	noloss	2	y	1	0.100032944471753
1	_EVELVS(UniMod:21)E_	noloss	3	y	1	0.422451996889612
1	_EVELVS(UniMod:21)E_	noloss	4	y	1	0.380815362258169
1	_EVELVS(UniMod:21)E_	noloss	5	y	1	0.250708535033375
1	_EVELVS(UniMod:21)E_	1(+H2+O)	1	y	1	0.00986457249062416
1	_EVELVS(UniMod:21)E_	1(+H2+O)	5	y	1	0.0149179419034422
1	_EVELVS(UniMod:21)E_	H3PO4	2	y	1	0.093343859147308
1	_EVELVS(UniMod:21)E_	1(+H2+O)	2	y	1	0.0155958845140777
1	_EVELVS(UniMod:21)E_	H3PO4	3	y	1	0.698675685906428
1	_EVELVS(UniMod:21)E_	1(+H2+O)	3	y	1	0.024673104651027
1	_EVELVS(UniMod:21)E_	H3PO4	4	y	1	0.470080357991331
1	_EVELVS(UniMod:21)E_	1(+H2+O)	4	y	1	0.049236846915706
1	_EVELVS(UniMod:21)E_	H3PO4	5	y	1	0.226927898805696
1	_EVELVS(UniMod:21)E_	1(+H2+O)	5	y	1	0.234952490188483
1	_EVELVS(UniMod:21)E_	H3PO4	6	y	1	0.0162050652085857
1	_EVELVS(UniMod:21)E_	1(+H2+O)	6	y	1	0.143896448595416
1	_EVELVS(UniMod:21)E_	noloss	2	b	1	0.120204811376719
1	_EVELVS(UniMod:21)E_	1(+H2+O)	2	b	1	0.0818738790276472
1	_EVELVS(UniMod:21)E_	noloss	3	b	1	0.609262937295636
1	_EVELVS(UniMod:21)E_	1(+H2+O)	3	b	1	0.228995649814314
1	_EVELVS(UniMod:21)E_	noloss	4	b	1	1
1	_EVELVS(UniMod:21)E_	1(+H2+O)	4	b	1	0.448426826492344
1	_EVELVS(UniMod:21)E_	noloss	5	b	1	0.654103252110293
1	_EVELVS(UniMod:21)E_	1(+H2+O)	5	b	1	0.178114515425811
1	_EVELVS(UniMod:21)E_	H3PO4	6	b	1	0.143896448595416
1	_EVELVS(UniMod:21)E_	1(+H2+O)	6	b	1	0.0467105884195209
