PrecursorCharge	ModifiedPeptide	FragmentLossType	FragmentNumber	FragmentType	FragmentCharge	RelativeIntensity
1	_EVELVS(UniMod:21)E_	noloss	1	y	1	0.0156068597967821
1	_EVELVS(UniMod:21)E_	noloss	2	y	1	0.110351726327779
1	_EVELVS(UniMod:21)E_	noloss	3	y	1	0.42092509674775
1	_EVELVS(UniMod:21)E_	noloss	4	y	1	0.357464470222663
1	_EVELVS(UniMod:21)E_	noloss	5	y	1	0.241933566941818
1	_EVELVS(UniMod:21)E_	noloss	6	y	1	0.00978745877497331
1	_EVELVS(UniMod:21)E_	1(+H2+O)	1	y	1	0.00974097636590666
1	_EVELVS(UniMod:21)E_	1(+H2+O)	5	y	1	0.00942727595508617
1	_EVELVS(UniMod:21)E_	H3PO4	2	y	1	0.103517918588913
1	_EVELVS(UniMod:21)E_	1(+H2+O)	2	y	1	0.0160875007148849
1	_EVELVS(UniMod:21)E_	H3PO4	3	y	1	0.76881904596233
1	_EVELVS(UniMod:21)E_	1(+H2+O)	3	y	1	0.0226450054569544
1	_EVELVS(UniMod:21)E_	H3PO4	4	y	1	0.503753294427711
1	_EVELVS(UniMod:21)E_	1(+H2+O)	4	y	1	0.0429160570287479
1	_EVELVS(UniMod:21)E_	H3PO4	5	y	1	0.262922735244777
1	_EVELVS(UniMod:21)E_	1(+H2+O)	5	y	1	0.27648395202646
1	_EVELVS(UniMod:21)E_	H3PO4	6	y	1	0.0145089902728001
1	_EVELVS(UniMod:21)E_	1(+H2+O)	6	y	1	0.143008723978191
1	_EVELVS(UniMod:21)E_	noloss	2	b	1	0.129705848711301
1	_EVELVS(UniMod:21)E_	1(+H2+O)	2	b	1	0.0968328366869376
1	_EVELVS(UniMod:21)E_	noloss	3	b	1	0.680647381853363
1	_EVELVS(UniMod:21)E_	1(+H2+O)	3	b	1	0.240455840370978
1	_EVELVS(UniMod:21)E_	noloss	4	b	1	1
1	_EVELVS(UniMod:21)E_	1(+H2+O)	4	b	1	0.470423277365792
1	_EVELVS(UniMod:21)E_	noloss	5	b	1	0.627623627421077
1	_EVELVS(UniMod:21)E_	1(+H2+O)	5	b	1	0.160131675833079
1	_EVELVS(UniMod:21)E_	H3PO4	6	b	1	0.143008723978191
1	_EVELVS(UniMod:21)E_	1(+H2+O)	6	b	1	0.0585526441207869
