PrecursorCharge	ModifiedPeptide	FragmentLossType	FragmentNumber	FragmentType	FragmentCharge	RelativeIntensity
2	_AGLGS(UniMod:21)PERPPK_	noloss	1	y	1	0.0107855978636595
2	_AGLGS(UniMod:21)PERPPK_	noloss	2	y	1	0.0560446742516489
2	_AGLGS(UniMod:21)PERPPK_	noloss	3	y	1	0.372396694587128
2	_AGLGS(UniMod:21)PERPPK_	noloss	4	y	1	0.111458343428095
2	_AGLGS(UniMod:21)PERPPK_	noloss	5	y	1	0.0360601127537687
2	_AGLGS(UniMod:21)PERPPK_	noloss	6	y	1	0.545548691193378
2	_AGLGS(UniMod:21)PERPPK_	noloss	7	y	1	0.0336534632528605
2	_AGLGS(UniMod:21)PERPPK_	noloss	8	y	1	0.0947412387818476
2	_AGLGS(UniMod:21)PERPPK_	noloss	9	y	1	0.0510126843212505
2	_AGLGS(UniMod:21)PERPPK_	noloss	10	y	1	0.0522460822201114
2	_AGLGS(UniMod:21)PERPPK_	1(+H2+O)	5	y	1	0.0131771553402643
2	_AGLGS(UniMod:21)PERPPK_	1(+H2+O)	6	y	1	0.0684498682300888
2	_AGLGS(UniMod:21)PERPPK_	1(+H2+O)	7	y	1	0.0128639710433777
2	_AGLGS(UniMod:21)PERPPK_	1(+H2+O)	8	y	1	0.00762920756211059
2	_AGLGS(UniMod:21)PERPPK_	1(+H3+N)	1	y	1	0.0031645793215897
2	_AGLGS(UniMod:21)PERPPK_	H3PO4	7	y	1	0.289511079578298
2	_AGLGS(UniMod:21)PERPPK_	H3PO4	8	y	1	1
2	_AGLGS(UniMod:21)PERPPK_	H3PO4	9	y	1	0.255078427256362
2	_AGLGS(UniMod:21)PERPPK_	H3PO4	10	y	1	0.278036662445862
2	_AGLGS(UniMod:21)PERPPK_	1(+H2+O)	7	y	1	0.00688803433507721
2	_AGLGS(UniMod:21)PERPPK_	1(+H2+O)	8	y	1	0.0301127333800866
2	_AGLGS(UniMod:21)PERPPK_	1(+H2+O)	10	y	1	0.0167658954024121
2	_AGLGS(UniMod:21)PERPPK_	1(+H3+N)	7	y	1	0.0170955622414916
2	_AGLGS(UniMod:21)PERPPK_	1(+H3+N)	8	y	1	0.0212781248878202
2	_AGLGS(UniMod:21)PERPPK_	1(+H3+N)	9	y	1	0.0142834786717418
2	_AGLGS(UniMod:21)PERPPK_	noloss	2	b	1	0.0138991039110303
2	_AGLGS(UniMod:21)PERPPK_	noloss	3	b	1	0.0392408968338778
2	_AGLGS(UniMod:21)PERPPK_	noloss	4	b	1	0.0221079676231473
2	_AGLGS(UniMod:21)PERPPK_	noloss	5	b	1	0.00273815419089466
2	_AGLGS(UniMod:21)PERPPK_	noloss	7	b	1	0.00662700565570545
2	_AGLGS(UniMod:21)PERPPK_	noloss	8	b	1	0.153176533190144
2	_AGLGS(UniMod:21)PERPPK_	noloss	9	b	1	0.0121262245258829
2	_AGLGS(UniMod:21)PERPPK_	noloss	10	b	1	0.00452460392164263
2	_AGLGS(UniMod:21)PERPPK_	1(+H2+O)	8	b	1	0.0079293546874341
2	_AGLGS(UniMod:21)PERPPK_	H3PO4	5	b	1	0.0931619090367215
2	_AGLGS(UniMod:21)PERPPK_	H3PO4	6	b	1	0.00970351155757522
2	_AGLGS(UniMod:21)PERPPK_	H3PO4	8	b	1	0.212406555491662
2	_AGLGS(UniMod:21)PERPPK_	H3PO4	9	b	1	0.0351164373614515
2	_AGLGS(UniMod:21)PERPPK_	1(+H2+O)	5	b	1	0.00642450508994382
